kind,container,rust_name,python_name,python_rs_line,ported,tested,comment
class,"",PyPdfDocument,PdfDocument,30,true,false,""
method,PdfDocument,__enter__,__enter__,60,true,false,""
method,PdfDocument,__exit__,__exit__,65,true,false,""
method,PdfDocument,version,version,75,true,false,""
getter,PdfDocument,page_count,page_count,88,true,true,""
method,PdfDocument,get_layers,get_layers,111,true,false,""
method,PdfDocument,get_page_inks,get_page_inks,129,true,false,""
method,PdfDocument,get_page_inks_deep,get_page_inks_deep,158,true,false,""
method,PdfDocument,signatures,signatures,170,true,false,""
method,PdfDocument,signature_count,signature_count,178,true,false,""
method,PdfDocument,dss,dss,186,true,false,""
method,PdfDocument,extract_text,extract_text,229,true,true,""
method,PdfDocument,remove_headers,remove_headers,286,true,false,""
method,PdfDocument,remove_footers,remove_footers,298,true,false,""
method,PdfDocument,remove_artifacts,remove_artifacts,310,true,false,""
method,PdfDocument,sync_editor_erasures,sync_editor_erasures,321,false,false,移植不能: upstream の PdfDocument.erase_regions フィールドが pub(crate) のため外部 crate から参照できない。remove_headers 等の自動計算領域が save 出力へ反映されない制約あり（座標明示の erase_region(s) は完全動作）。upstream に公開アクセサが入れば対応可
method,PdfDocument,erase_header,erase_header,337,true,false,""
method,PdfDocument,edit_header,edit_header,347,true,false,""
method,PdfDocument,erase_footer,erase_footer,352,true,false,""
method,PdfDocument,edit_footer,edit_footer,362,true,false,""
method,PdfDocument,erase_artifacts,erase_artifacts,367,true,false,""
method,PdfDocument,within,within,378,true,false,""
method,PdfDocument,render_page,render_page,411,true,false,""
method,PdfDocument,render_page_fit,render_page_fit,508,true,false,""
method,PdfDocument,render_pixmap,render_pixmap,602,true,false,""
method,PdfDocument,render_separations,render_separations,649,true,false,""
method,PdfDocument,render_separation,render_separation,703,true,false,""
method,PdfDocument,extract_chars,extract_chars,739,true,false,""
method,PdfDocument,extract_words,extract_words,807,true,false,""
method,PdfDocument,extract_text_lines,extract_text_lines,869,true,false,""
method,PdfDocument,page_layout_params,page_layout_params,932,true,false,""
method,PdfDocument,has_structure_tree,has_structure_tree,963,true,false,""
method,PdfDocument,to_plain_text,to_plain_text,975,true,false,""
method,PdfDocument,to_plain_text_all,to_plain_text_all,1005,true,false,""
method,PdfDocument,to_markdown,to_markdown,1034,true,false,""
method,PdfDocument,to_html,to_html,1069,true,false,""
method,PdfDocument,to_markdown_all,to_markdown_all,1101,true,false,""
method,PdfDocument,to_html_all,to_html_all,1130,true,false,""
method,PdfDocument,to_docx,to_docx,1156,true,false,""
method,PdfDocument,to_docx_bytes,to_docx_bytes,1163,true,false,""
method,PdfDocument,to_pptx,to_pptx,1172,true,false,""
method,PdfDocument,to_pptx_bytes,to_pptx_bytes,1179,true,false,""
method,PdfDocument,to_xlsx,to_xlsx,1188,true,false,""
method,PdfDocument,to_xlsx_bytes,to_xlsx_bytes,1195,true,false,""
method,PdfDocument,page,page,1204,true,false,""
method,PdfDocument,save_page,save_page,1216,true,false,""
method,PdfDocument,save,save,1234,true,false,""
method,PdfDocument,to_bytes,to_bytes,1269,true,false,""
method,PdfDocument,set_title,set_title,1296,true,false,""
method,PdfDocument,set_author,set_author,1305,true,false,""
method,PdfDocument,set_subject,set_subject,1314,true,false,""
method,PdfDocument,set_keywords,set_keywords,1323,true,false,""
method,PdfDocument,page_rotation,page_rotation,1332,true,false,""
method,PdfDocument,set_page_rotation,set_page_rotation,1344,true,false,""
method,PdfDocument,rotate_page,rotate_page,1356,true,false,""
method,PdfDocument,rotate_all_pages,rotate_all_pages,1368,true,false,""
method,PdfDocument,page_media_box,page_media_box,1380,true,false,""
method,PdfDocument,set_page_media_box,set_page_media_box,1393,true,false,""
method,PdfDocument,page_crop_box,page_crop_box,1412,true,false,""
method,PdfDocument,set_page_crop_box,set_page_crop_box,1425,true,false,""
method,PdfDocument,crop_margins,crop_margins,1444,true,false,""
method,PdfDocument,erase_region,erase_region,1456,true,false,""
method,PdfDocument,erase_regions,erase_regions,1478,true,false,""
method,PdfDocument,clear_erase_regions,clear_erase_regions,1496,true,false,""
method,PdfDocument,flatten_page_annotations,flatten_page_annotations,1507,true,false,""
method,PdfDocument,flatten_all_annotations,flatten_all_annotations,1518,true,false,""
method,PdfDocument,is_page_marked_for_flatten,is_page_marked_for_flatten,1529,true,false,""
method,PdfDocument,unmark_page_for_flatten,unmark_page_for_flatten,1536,true,false,""
method,PdfDocument,apply_page_redactions,apply_page_redactions,1543,true,false,""
method,PdfDocument,apply_all_redactions,apply_all_redactions,1554,true,false,""
method,PdfDocument,is_page_marked_for_redaction,is_page_marked_for_redaction,1565,true,false,""
method,PdfDocument,unmark_page_for_redaction,unmark_page_for_redaction,1572,true,false,""
method,PdfDocument,add_redaction,add_redaction,1587,true,false,""
method,PdfDocument,redaction_count,redaction_count,1608,true,false,""
method,PdfDocument,apply_redactions_destructive,apply_redactions_destructive,1624,true,false,""
method,PdfDocument,sanitize_document,sanitize_document,1663,true,false,""
method,PdfDocument,page_images,page_images,1697,true,false,""
method,PdfDocument,reposition_image,reposition_image,1731,true,false,""
method,PdfDocument,resize_image,resize_image,1742,true,false,""
method,PdfDocument,set_image_bounds,set_image_bounds,1759,true,false,""
method,PdfDocument,clear_image_modifications,clear_image_modifications,1778,true,false,""
method,PdfDocument,has_image_modifications,has_image_modifications,1785,true,false,""
method,PdfDocument,search,search,1793,true,false,""
method,PdfDocument,search_page,search_page,1826,true,false,""
method,PdfDocument,prepare_search,prepare_search,1861,true,false,""
method,PdfDocument,clear_search_index,clear_search_index,1869,true,false,""
method,PdfDocument,extract_images,extract_images,1875,true,false,""
method,PdfDocument,extract_tables,extract_tables,1909,true,false,""
method,PdfDocument,extract_spans,extract_spans,1969,true,false,""
method,PdfDocument,extract_page_text,extract_page_text,2013,true,false,""
method,PdfDocument,get_outline,get_outline,2061,true,false,""
method,PdfDocument,extract_structured,extract_structured,2075,true,false,""
method,PdfDocument,get_annotations,get_annotations,2084,true,false,""
method,PdfDocument,extract_paths,extract_paths,2140,true,false,""
method,PdfDocument,extract_rects,extract_rects,2162,true,false,""
method,PdfDocument,extract_lines,extract_lines,2184,true,false,""
method,PdfDocument,classify_page,classify_page,2207,true,false,""
method,PdfDocument,classify_document,classify_document,2217,true,false,""
method,PdfDocument,extract_text_auto,extract_text_auto,2227,true,false,""
method,PdfDocument,extract_page_auto,extract_page_auto,2238,true,false,""
method,PdfDocument,extract_text_ocr,extract_text_ocr,2252,false,false,要 ocr feature（ONNX ランタイム依存の opt-in ビルド）。有効化すれば移植可能
method,PdfDocument,has_text_layer,has_text_layer,2295,true,false,""
method,PdfDocument,permissions,permissions,2305,true,false,""
method,PdfDocument,structured_warnings,structured_warnings,2334,true,false,""
method,PdfDocument,get_form_fields,get_form_fields,2349,true,false,""
method,PdfDocument,get_form_field_value,get_form_field_value,2360,true,false,""
method,PdfDocument,set_form_field_value,set_form_field_value,2375,true,false,""
method,PdfDocument,has_xfa,has_xfa,2387,true,false,""
method,PdfDocument,export_form_data,export_form_data,2394,true,false,""
method,PdfDocument,extract_image_bytes,extract_image_bytes,2411,true,false,""
method,PdfDocument,flatten_forms,flatten_forms,2432,true,false,""
method,PdfDocument,flatten_forms_on_page,flatten_forms_on_page,2443,true,false,""
method,PdfDocument,flatten_warnings,flatten_warnings,2457,true,false,""
method,PdfDocument,merge_from,merge_from,2465,true,false,""
method,PdfDocument,embed_file,embed_file,2484,true,false,""
method,PdfDocument,page_labels,page_labels,2495,true,false,""
method,PdfDocument,xmp_metadata,xmp_metadata,2516,true,false,""
method,PdfDocument,validate_pdf_a,validate_pdf_a,2566,true,false,""
method,PdfDocument,convert_to_pdf_a,convert_to_pdf_a,2601,true,false,""
method,PdfDocument,validate_pdf_ua,validate_pdf_ua,2643,true,false,""
method,PdfDocument,validate_pdf_x,validate_pdf_x,2659,true,false,""
method,PdfDocument,extract_pages,extract_pages,2691,true,false,""
method,PdfDocument,extract_pages_to_bytes,extract_pages_to_bytes,2712,true,false,""
method,PdfDocument,extract_page_ranges_to_bytes,extract_page_ranges_to_bytes,2739,true,false,""
method,PdfDocument,select_pages,select_pages,2758,true,false,""
method,PdfDocument,delete_page,delete_page,2769,true,false,""
method,PdfDocument,move_page,move_page,2781,true,false,""
method,PdfDocument,flatten_to_images,flatten_to_images,2799,true,false,""
method,PdfDocument,__len__,__len__,2812,true,false,""
method,PdfDocument,__getitem__,__getitem__,2821,true,false,""
method,PdfDocument,__iter__,__iter__,2838,true,false,""
getter,PdfDocument,pages,pages,2861,true,false,""
method,PdfDocument,__repr__,__repr__,2874,true,false,""
constructor,PdfDocument,new,new,2900,true,true,""
static_method,PdfDocument,from_bytes,from_bytes,2926,true,false,""
method,PdfDocument,authenticate,authenticate,2949,true,false,""
method,PdfDocument,save_encrypted,save_encrypted,2957,true,false,""
method,PdfDocument,to_bytes_encrypted,to_bytes_encrypted,3000,true,false,""
class,"",PyPageCount,_PageCount,3046,true,false,""
method,_PageCount,__call__,__call__,3054,true,false,""
method,_PageCount,__int__,__int__,3059,true,false,""
method,_PageCount,__index__,__index__,3065,true,false,""
method,_PageCount,__repr__,__repr__,3069,true,false,""
method,_PageCount,__str__,__str__,3073,true,false,""
method,_PageCount,__eq__,__eq__,3079,true,false,""
method,_PageCount,__ne__,__ne__,3092,true,false,""
method,_PageCount,__lt__,__lt__,3096,true,false,""
method,_PageCount,__le__,__le__,3099,true,false,""
method,_PageCount,__gt__,__gt__,3102,true,false,""
method,_PageCount,__ge__,__ge__,3105,true,false,""
method,_PageCount,__hash__,__hash__,3109,true,false,""
method,_PageCount,__sub__,__sub__,3115,true,false,""
method,_PageCount,__add__,__add__,3119,true,false,""
method,_PageCount,__bool__,__bool__,3123,true,false,""
class,"",PyDocPageIter,PdfDocumentIter,3130,true,false,""
method,PdfDocumentIter,__iter__,__iter__,3138,true,false,""
method,PdfDocumentIter,__next__,__next__,3142,true,false,""
class,"",PyDocPage,Page,3157,true,false,""
getter,Page,index,index,3165,true,false,""
getter,Page,bbox,bbox,3170,true,false,""
getter,Page,width,width,3179,true,false,""
getter,Page,height,height,3184,true,false,""
getter,Page,text,text,3189,true,false,""
getter,Page,chars,chars,3196,true,false,""
getter,Page,words,words,3203,true,false,""
getter,Page,lines,lines,3214,true,false,""
getter,Page,spans,spans,3227,true,false,""
getter,Page,tables,tables,3234,true,false,""
getter,Page,images,images,3241,true,false,""
getter,Page,annotations,annotations,3248,true,false,""
getter,Page,paths,paths,3253,true,false,""
method,Page,markdown,markdown,3261,true,false,""
method,Page,plain_text,plain_text,3285,true,false,""
method,Page,html,html,3305,true,false,""
method,Page,render,render,3336,true,false,""
method,Page,render_pixmap,render_pixmap,3363,true,false,""
method,Page,search,search,3370,true,false,""
method,Page,region,region,3390,true,false,""
method,Page,__repr__,__repr__,3398,true,false,""
class,"",PyFormField,FormField,3405,true,false,""
getter,FormField,name,name,3413,true,false,""
getter,FormField,field_type,field_type,3417,true,false,""
getter,FormField,value,value,3427,true,false,""
getter,FormField,tooltip,tooltip,3431,true,false,""
getter,FormField,bounds,bounds,3435,true,false,""
getter,FormField,flags,flags,3439,true,false,""
getter,FormField,max_length,max_length,3443,true,false,""
getter,FormField,is_readonly,is_readonly,3447,true,false,""
getter,FormField,is_required,is_required,3453,true,false,""
method,FormField,__repr__,__repr__,3458,true,false,""
class,"",PyPdf,Pdf,3527,true,false,""
static_method,Pdf,from_markdown,from_markdown,3535,true,false,""
static_method,Pdf,from_html,from_html,3553,true,false,""
static_method,Pdf,from_text,from_text,3571,true,false,""
static_method,Pdf,from_markdown_with_template,from_markdown_with_template,3589,true,false,""
static_method,Pdf,from_html_css,from_html_css,3616,true,false,""
static_method,Pdf,from_html_css_with_fonts,from_html_css_with_fonts,3630,true,false,""
method,Pdf,save,save,3650,true,false,""
method,Pdf,to_bytes,to_bytes,3654,true,false,""
static_method,Pdf,from_image,from_image,3659,true,false,""
static_method,Pdf,from_images,from_images,3668,true,false,""
static_method,Pdf,from_image_bytes,from_image_bytes,3677,true,false,""
static_method,Pdf,from_bytes,from_bytes,3694,true,false,""
static_method,Pdf,merge,merge,3711,true,false,""
method,Pdf,__len__,__len__,3717,true,false,""
method,Pdf,__repr__,__repr__,3720,true,false,""
class,"",PyOfficeConverter,OfficeConverter,3730,true,false,""
constructor,OfficeConverter,new,new,3735,true,false,""
static_method,OfficeConverter,from_docx,from_docx,3739,true,false,""
static_method,OfficeConverter,from_docx_bytes,from_docx_bytes,3746,true,false,""
static_method,OfficeConverter,from_xlsx,from_xlsx,3753,true,false,""
static_method,OfficeConverter,from_xlsx_bytes,from_xlsx_bytes,3760,true,false,""
static_method,OfficeConverter,from_pptx,from_pptx,3767,true,false,""
static_method,OfficeConverter,from_pptx_bytes,from_pptx_bytes,3774,true,false,""
static_method,OfficeConverter,convert,convert,3781,true,false,""
class,"",PyPdfPageRegion,PdfPageRegion,3796,true,false,""
getter,PdfPageRegion,bbox,bbox,3805,true,false,""
method,PdfPageRegion,extract_text,extract_text,3808,true,false,""
method,PdfPageRegion,extract_words,extract_words,3812,true,false,""
method,PdfPageRegion,extract_text_lines,extract_text_lines,3816,true,false,""
method,PdfPageRegion,extract_tables,extract_tables,3821,true,false,""
method,PdfPageRegion,extract_images,extract_images,3829,true,false,""
method,PdfPageRegion,extract_paths,extract_paths,3833,true,false,""
method,PdfPageRegion,__repr__,__repr__,3845,true,false,""
class,"",PyPdfPage,PdfPage,3851,true,false,""
getter,PdfPage,index,index,3858,true,false,""
getter,PdfPage,width,width,3862,true,false,""
getter,PdfPage,height,height,3866,true,false,""
method,PdfPage,children,children,3869,true,false,""
method,PdfPage,find_text_containing,find_text_containing,3876,true,false,""
method,PdfPage,find_images,find_images,3883,true,false,""
method,PdfPage,get_element,get_element,3890,false,false,upstream 自体が常に None を返すスタブのため移植見送り
method,PdfPage,set_text,set_text,3893,true,false,""
method,PdfPage,annotations,annotations,3898,true,false,""
method,PdfPage,add_link,add_link,3905,true,false,""
method,PdfPage,add_highlight,add_highlight,3910,true,false,""
method,PdfPage,add_note,add_note,3927,true,false,""
method,PdfPage,remove_annotation,remove_annotation,3932,true,false,""
method,PdfPage,add_text,add_text,3936,true,false,""
method,PdfPage,remove_element,remove_element,3956,true,false,""
method,PdfPage,__repr__,__repr__,3959,true,false,""
class,"",PyPdfTextId,PdfTextId,3973,true,false,""
method,PdfTextId,__repr__,__repr__,3978,true,false,""
class,"",PyPdfText,PdfText,3985,true,false,""
getter,PdfText,id,id,3991,true,false,""
getter,PdfText,value,value,3997,true,false,""
getter,PdfText,text,text,4001,true,false,""
getter,PdfText,bbox,bbox,4005,true,false,""
getter,PdfText,font_name,font_name,4010,true,false,""
getter,PdfText,font_size,font_size,4014,true,false,""
getter,PdfText,is_bold,is_bold,4018,true,false,""
getter,PdfText,is_italic,is_italic,4022,true,false,""
method,PdfText,contains,contains,4025,true,false,""
method,PdfText,starts_with,starts_with,4028,true,false,""
method,PdfText,ends_with,ends_with,4031,true,false,""
method,PdfText,__repr__,__repr__,4034,true,false,""
class,"",PyPdfImage,PdfImage,4041,true,false,""
getter,PdfImage,bbox,bbox,4047,true,false,""
getter,PdfImage,width,width,4052,true,false,""
getter,PdfImage,height,height,4056,true,false,""
getter,PdfImage,aspect_ratio,aspect_ratio,4060,true,false,""
method,PdfImage,__repr__,__repr__,4063,true,false,""
class,"",PyAnnotationWrapper,PdfAnnotation,4075,true,false,""
getter,PdfAnnotation,subtype,subtype,4081,true,false,""
getter,PdfAnnotation,rect,rect,4085,true,false,""
getter,PdfAnnotation,contents,contents,4090,true,false,""
getter,PdfAnnotation,color,color,4094,true,false,""
getter,PdfAnnotation,is_modified,is_modified,4098,true,false,""
getter,PdfAnnotation,is_new,is_new,4102,true,false,""
method,PdfAnnotation,__repr__,__repr__,4105,true,false,""
class,"",PyPdfElement,PdfElement,4116,true,false,""
method,PdfElement,is_text,is_text,4121,true,false,""
method,PdfElement,is_image,is_image,4124,true,false,""
method,PdfElement,is_path,is_path,4127,true,false,""
method,PdfElement,is_table,is_table,4130,true,false,""
method,PdfElement,is_structure,is_structure,4133,true,false,""
method,PdfElement,as_text,as_text,4136,true,false,""
method,PdfElement,as_image,as_image,4143,true,false,""
getter,PdfElement,bbox,bbox,4151,true,false,""
method,PdfElement,__repr__,__repr__,4155,true,false,""
class,"",PyTextChar,TextChar,4162,true,false,""
getter,TextChar,char,char,4168,true,false,""
getter,TextChar,bbox,bbox,4172,true,false,""
getter,TextChar,font_name,font_name,4181,true,false,""
getter,TextChar,font_size,font_size,4185,true,false,""
getter,TextChar,font_weight,font_weight,4189,true,false,""
getter,TextChar,is_italic,is_italic,4193,true,false,""
getter,TextChar,is_monospace,is_monospace,4197,true,false,""
getter,TextChar,color,color,4201,true,false,""
getter,TextChar,rotation_degrees,rotation_degrees,4205,true,false,""
getter,TextChar,origin_x,origin_x,4209,true,false,""
getter,TextChar,origin_y,origin_y,4213,true,false,""
getter,TextChar,advance_width,advance_width,4217,true,false,""
getter,TextChar,mcid,mcid,4221,true,false,""
class,"",PyTextSpan,TextSpan,4228,true,false,""
getter,TextSpan,text,text,4234,true,false,""
getter,TextSpan,bbox,bbox,4238,true,false,""
getter,TextSpan,page_bbox,page_bbox,4250,true,false,""
getter,TextSpan,font_name,font_name,4255,true,false,""
getter,TextSpan,font_size,font_size,4259,true,false,""
getter,TextSpan,is_bold,is_bold,4263,true,false,""
getter,TextSpan,is_italic,is_italic,4267,true,false,""
getter,TextSpan,is_monospace,is_monospace,4271,true,false,""
getter,TextSpan,char_widths,char_widths,4275,true,false,""
getter,TextSpan,color,color,4279,true,false,""
getter,TextSpan,sequence,sequence,4287,true,false,""
getter,TextSpan,provenance,provenance,4296,true,false,""
class,"",PyWord,TextWord,4303,true,false,""
getter,TextWord,text,text,4309,true,false,""
getter,TextWord,bbox,bbox,4313,true,false,""
getter,TextWord,font_name,font_name,4322,true,false,""
getter,TextWord,font_size,font_size,4326,true,false,""
getter,TextWord,is_bold,is_bold,4330,true,false,""
getter,TextWord,is_italic,is_italic,4334,true,false,""
getter,TextWord,chars,chars,4338,true,false,""
getter,TextWord,sequence,sequence,4348,true,false,""
getter,TextWord,rotation_degrees,rotation_degrees,4354,true,false,""
class,"",PyTextLine,TextLine,4361,true,false,""
getter,TextLine,text,text,4367,true,false,""
getter,TextLine,bbox,bbox,4371,true,false,""
getter,TextLine,words,words,4380,true,false,""
getter,TextLine,chars,chars,4388,true,false,""
class,"",PyOcrEngine,OcrEngine,4529,false,false,要 ocr feature（ONNX ランタイム依存）。feature ゲートで実装版/スタブ版の2定義があるため2行存在
class,"",PyOcrEngine,OcrEngine,4534,false,false,要 ocr feature（ONNX ランタイム依存）。feature ゲートで実装版/スタブ版の2定義があるため2行存在
constructor,OcrEngine,new,new,4540,false,false,要 ocr feature（ONNX ランタイム依存）。OcrEngine クラスごと feature 有効化時に移植
constructor,OcrEngine,new,new,4552,false,false,要 ocr feature（ONNX ランタイム依存）。OcrEngine クラスごと feature 有効化時に移植
class,"",PyOcrConfig,OcrConfig,4572,false,false,要 ocr feature（ONNX ランタイム依存）。feature ゲートで実装版/スタブ版の2定義があるため2行存在
class,"",PyOcrConfig,OcrConfig,4582,false,false,要 ocr feature（ONNX ランタイム依存）。feature ゲートで実装版/スタブ版の2定義があるため2行存在
constructor,OcrConfig,new,new,4588,false,false,要 ocr feature（ONNX ランタイム依存）。OcrConfig クラスごと feature 有効化時に移植
constructor,OcrConfig,new,new,4597,false,false,要 ocr feature（ONNX ランタイム依存）。OcrConfig クラスごと feature 有効化時に移植
class,"",PyColor,Color,4618,true,false,""
constructor,Color,new,new,4624,true,false,""
static_method,Color,black,black,4630,true,false,""
static_method,Color,white,white,4636,true,false,""
static_method,Color,red,red,4642,true,false,""
static_method,Color,green,green,4648,true,false,""
static_method,Color,blue,blue,4654,true,false,""
static_method,Color,from_hex,from_hex,4660,true,false,""
getter,Color,r,r,4679,true,false,""
getter,Color,g,g,4683,true,false,""
getter,Color,b,b,4687,true,false,""
class,"",PyBlendMode,BlendMode,4699,true,false,""
static_method,BlendMode,NORMAL,NORMAL,4706,true,false,""
static_method,BlendMode,MULTIPLY,MULTIPLY,4713,true,false,""
static_method,BlendMode,SCREEN,SCREEN,4720,true,false,""
static_method,BlendMode,OVERLAY,OVERLAY,4727,true,false,""
static_method,BlendMode,DARKEN,DARKEN,4734,true,false,""
static_method,BlendMode,LIGHTEN,LIGHTEN,4741,true,false,""
static_method,BlendMode,COLOR_DODGE,COLOR_DODGE,4748,true,false,""
static_method,BlendMode,COLOR_BURN,COLOR_BURN,4755,true,false,""
static_method,BlendMode,HARD_LIGHT,HARD_LIGHT,4762,true,false,""
static_method,BlendMode,SOFT_LIGHT,SOFT_LIGHT,4769,true,false,""
static_method,BlendMode,DIFFERENCE,DIFFERENCE,4776,true,false,""
static_method,BlendMode,EXCLUSION,EXCLUSION,4783,true,false,""
class,"",PyExtGState,ExtGState,4797,true,false,""
constructor,ExtGState,new,new,4805,true,false,""
method,ExtGState,alpha,alpha,4812,true,false,""
method,ExtGState,fill_alpha,fill_alpha,4820,true,false,""
method,ExtGState,stroke_alpha,stroke_alpha,4827,true,false,""
method,ExtGState,blend_mode,blend_mode,4834,true,false,""
static_method,ExtGState,semi_transparent,semi_transparent,4842,true,false,""
class,"",PyLinearGradient,LinearGradient,4857,true,false,""
constructor,LinearGradient,new,new,4867,true,false,""
method,LinearGradient,start,start,4876,true,false,""
method,LinearGradient,end,end,4882,true,false,""
method,LinearGradient,add_stop,add_stop,4888,true,false,""
static_method,LinearGradient,horizontal,horizontal,4894,true,false,""
static_method,LinearGradient,vertical,vertical,4904,true,false,""
class,"",PyRadialGradient,RadialGradient,4921,true,false,""
constructor,RadialGradient,new,new,4933,true,false,""
method,RadialGradient,inner_circle,inner_circle,4944,true,false,""
method,RadialGradient,outer_circle,outer_circle,4951,true,false,""
method,RadialGradient,add_stop,add_stop,4958,true,false,""
static_method,RadialGradient,centered,centered,4964,true,false,""
class,"",PyLineCap,LineCap,4979,true,false,""
static_method,LineCap,butt,butt,4985,true,false,""
static_method,LineCap,round,round,4991,true,false,""
static_method,LineCap,square,square,4997,true,false,""
static_method,LineCap,BUTT,BUTT,5004,true,false,""
static_method,LineCap,ROUND,ROUND,5009,true,false,""
static_method,LineCap,SQUARE,SQUARE,5014,true,false,""
method,LineCap,__repr__,__repr__,5019,true,false,""
class,"",PyLineJoin,LineJoin,5026,true,false,""
static_method,LineJoin,miter,miter,5032,true,false,""
static_method,LineJoin,round,round,5038,true,false,""
static_method,LineJoin,bevel,bevel,5044,true,false,""
static_method,LineJoin,MITER,MITER,5051,true,false,""
static_method,LineJoin,ROUND,ROUND,5056,true,false,""
static_method,LineJoin,BEVEL,BEVEL,5061,true,false,""
method,LineJoin,__repr__,__repr__,5066,true,false,""
class,"",PyPatternPresets,PatternPresets,5077,true,false,""
static_method,PatternPresets,horizontal_stripes,horizontal_stripes,5081,true,false,""
static_method,PatternPresets,vertical_stripes,vertical_stripes,5085,true,false,""
static_method,PatternPresets,checkerboard,checkerboard,5089,true,false,""
static_method,PatternPresets,dots,dots,5093,true,false,""
static_method,PatternPresets,diagonal_lines,diagonal_lines,5097,true,false,""
static_method,PatternPresets,crosshatch,crosshatch,5101,true,false,""
class,"",PyArtifactStyle,ArtifactStyle,5112,true,false,""
constructor,ArtifactStyle,new,new,5118,true,false,""
method,ArtifactStyle,font,font,5123,true,false,""
method,ArtifactStyle,bold,bold,5131,true,false,""
class,"",PyArtifact,Artifact,5139,true,false,""
constructor,Artifact,new,new,5145,true,false,""
static_method,Artifact,center,center,5151,true,false,""
method,Artifact,with_left,with_left,5156,true,false,""
class,"",PyHeader,Header,5164,true,false,""
constructor,Header,new,new,5170,true,false,""
static_method,Header,center,center,5178,true,false,""
class,"",PyFooter,Footer,5189,true,false,""
constructor,Footer,new,new,5195,true,false,""
static_method,Footer,center,center,5203,true,false,""
class,"",PyAlign,Align,5515,true,false,""
method,Align,__int__,__int__,5530,true,false,""
method,Align,__repr__,__repr__,5534,true,false,""
class,"",PyColumn,Column,5548,true,false,""
constructor,Column,new,new,5558,true,false,""
getter,Column,header,header,5571,true,false,""
getter,Column,width,width,5575,true,false,""
getter,Column,align,align,5579,true,false,""
method,Column,__repr__,__repr__,5583,true,false,""
class,"",PyTable,Table,5594,true,false,""
constructor,Table,new,new,5604,true,false,""
method,Table,__repr__,__repr__,5631,true,false,""
class,"",PyEmbeddedFont,EmbeddedFont,5648,true,false,""
static_method,EmbeddedFont,from_file,from_file,5658,true,false,""
static_method,EmbeddedFont,from_bytes,from_bytes,5668,true,false,""
getter,EmbeddedFont,name,name,5678,true,false,""
method,EmbeddedFont,__repr__,__repr__,5682,true,false,""
class,"",PyDocumentBuilder,DocumentBuilder,5713,true,false,""
constructor,DocumentBuilder,new,new,5737,true,false,""
method,DocumentBuilder,title,title,5743,true,false,""
method,DocumentBuilder,author,author,5748,true,false,""
method,DocumentBuilder,subject,subject,5753,true,false,""
method,DocumentBuilder,keywords,keywords,5758,true,false,""
method,DocumentBuilder,creator,creator,5763,true,false,""
method,DocumentBuilder,on_open,on_open,5768,true,false,""
method,DocumentBuilder,tagged_pdf_ua1,tagged_pdf_ua1,5778,true,false,""
method,DocumentBuilder,language,language,5786,true,false,""
method,DocumentBuilder,role_map,role_map,5795,true,false,""
method,DocumentBuilder,register_embedded_font,register_embedded_font,5807,true,false,""
method,DocumentBuilder,a4_page,a4_page,5824,true,false,""
method,DocumentBuilder,letter_page,letter_page,5839,true,false,""
method,DocumentBuilder,page,page,5856,true,false,""
method,DocumentBuilder,build,build,5871,true,false,""
method,DocumentBuilder,save,save,5880,true,false,""
method,DocumentBuilder,save_encrypted,save_encrypted,5891,true,false,""
method,DocumentBuilder,to_bytes_encrypted,to_bytes_encrypted,5905,true,false,""
class,"",PyFluentPageBuilder,FluentPageBuilder,5926,true,false,""
method,FluentPageBuilder,font,font,5956,true,false,""
method,FluentPageBuilder,at,at,5967,true,false,""
method,FluentPageBuilder,text,text,5973,true,false,""
method,FluentPageBuilder,heading,heading,5978,true,false,""
method,FluentPageBuilder,paragraph,paragraph,5987,true,false,""
method,FluentPageBuilder,space,space,5992,true,false,""
method,FluentPageBuilder,horizontal_rule,horizontal_rule,5997,true,false,""
method,FluentPageBuilder,link_url,link_url,6007,true,false,""
method,FluentPageBuilder,link_page,link_page,6012,true,false,""
method,FluentPageBuilder,link_named,link_named,6017,true,false,""
method,FluentPageBuilder,link_javascript,link_javascript,6025,true,false,""
method,FluentPageBuilder,on_open,on_open,6033,true,false,""
method,FluentPageBuilder,on_close,on_close,6038,true,false,""
method,FluentPageBuilder,field_keystroke,field_keystroke,6043,true,false,""
method,FluentPageBuilder,field_format,field_format,6051,true,false,""
method,FluentPageBuilder,field_validate,field_validate,6059,true,false,""
method,FluentPageBuilder,field_calculate,field_calculate,6067,true,false,""
method,FluentPageBuilder,highlight,highlight,6075,true,false,""
method,FluentPageBuilder,underline,underline,6083,true,false,""
method,FluentPageBuilder,strikeout,strikeout,6091,true,false,""
method,FluentPageBuilder,squiggly,squiggly,6099,true,false,""
method,FluentPageBuilder,sticky_note,sticky_note,6107,true,false,""
method,FluentPageBuilder,sticky_note_at,sticky_note_at,6112,true,false,""
method,FluentPageBuilder,watermark,watermark,6122,true,false,""
method,FluentPageBuilder,watermark_confidential,watermark_confidential,6127,true,false,""
method,FluentPageBuilder,watermark_draft,watermark_draft,6132,true,false,""
method,FluentPageBuilder,stamp,stamp,6144,true,false,""
method,FluentPageBuilder,freetext,freetext,6151,true,false,""
method,FluentPageBuilder,text_field,text_field,6167,true,false,""
method,FluentPageBuilder,checkbox,checkbox,6189,true,false,""
method,FluentPageBuilder,combo_box,combo_box,6213,true,false,""
method,FluentPageBuilder,radio_group,radio_group,6239,true,false,""
method,FluentPageBuilder,push_button,push_button,6254,true,false,""
method,FluentPageBuilder,signature_field,signature_field,6275,true,false,""
method,FluentPageBuilder,footnote,footnote,6289,true,false,""
method,FluentPageBuilder,columns,columns,6304,true,false,""
method,FluentPageBuilder,inline,inline,6319,true,false,""
method,FluentPageBuilder,inline_bold,inline_bold,6325,true,false,""
method,FluentPageBuilder,inline_italic,inline_italic,6331,true,false,""
method,FluentPageBuilder,inline_color,inline_color,6340,true,false,""
method,FluentPageBuilder,newline,newline,6352,true,false,""
method,FluentPageBuilder,barcode_1d,barcode_1d,6361,true,false,""
method,FluentPageBuilder,barcode_qr,barcode_qr,6396,true,false,""
method,FluentPageBuilder,image_with_alt,image_with_alt,6417,true,false,""
method,FluentPageBuilder,image_artifact,image_artifact,6438,true,false,""
method,FluentPageBuilder,rect,rect,6451,true,false,""
method,FluentPageBuilder,filled_rect,filled_rect,6463,true,false,""
method,FluentPageBuilder,line,line,6478,true,false,""
method,FluentPageBuilder,measure,measure,6501,true,false,""
method,FluentPageBuilder,remaining_space,remaining_space,6515,true,false,""
method,FluentPageBuilder,text_in_rect,text_in_rect,6531,true,false,""
method,FluentPageBuilder,stroke_rect,stroke_rect,6558,true,false,""
method,FluentPageBuilder,stroke_rect_dashed,stroke_rect_dashed,6582,true,false,""
method,FluentPageBuilder,stroke_line,stroke_line,6610,true,false,""
method,FluentPageBuilder,stroke_line_dashed,stroke_line_dashed,6634,true,false,""
method,FluentPageBuilder,new_page_same_size,new_page_same_size,6663,true,false,""
method,FluentPageBuilder,table,table,6673,true,false,""
method,FluentPageBuilder,streaming_table,streaming_table,6706,true,false,""
method,FluentPageBuilder,done,done,6745,true,false,""
class,"",PyStreamingTable,StreamingTable,7028,true,false,""
method,StreamingTable,push_row,push_row,7051,true,false,""
method,StreamingTable,push_row_span,push_row_span,7073,true,false,""
method,StreamingTable,column_count,column_count,7092,true,false,""
method,StreamingTable,pending_row_count,pending_row_count,7097,true,false,""
method,StreamingTable,batch_count,batch_count,7102,true,false,""
method,StreamingTable,flush,flush,7108,true,false,""
method,StreamingTable,finish,finish,7114,true,false,""
class,"",PyPageTemplate,PageTemplate,7171,true,false,""
constructor,PageTemplate,new,new,7177,true,false,""
method,PageTemplate,header,header,7182,true,false,""
method,PageTemplate,footer,footer,7194,true,false,""
function,"",set_max_ops_per_stream,set_max_ops_per_stream,7254,true,false,""
function,"",set_preserve_unmapped_glyphs,set_preserve_unmapped_glyphs,7264,true,false,""
function,"",generate_barcode_svg,generate_barcode_svg,7273,true,false,""
function,"",generate_qr_svg,generate_qr_svg,7300,true,false,""
function,"",setup_logging,setup_logging,7317,false,false,Python 専用（pyo3_log ブリッジの初期化）。Ruby 版は set_log_level / get_log_level / disable_logging が同等機能を提供済み
function,"",set_log_level,set_log_level,7335,true,false,""
function,"",disable_logging,disable_logging,7359,true,false,""
function,"",get_log_level,get_log_level,7372,true,false,""
class,"",PyLayoutParams,LayoutParams,7385,true,false,""
getter,LayoutParams,word_gap_threshold,word_gap_threshold,7397,true,false,""
getter,LayoutParams,line_gap_threshold,line_gap_threshold,7401,true,false,""
getter,LayoutParams,median_char_width,median_char_width,7405,true,false,""
getter,LayoutParams,median_font_size,median_font_size,7409,true,false,""
getter,LayoutParams,median_line_spacing,median_line_spacing,7413,true,false,""
getter,LayoutParams,column_count,column_count,7417,true,false,""
method,LayoutParams,__repr__,__repr__,7421,true,false,""
class,"",PyExtractionProfile,ExtractionProfile,7442,true,false,""
getter,ExtractionProfile,name,name,7449,true,false,""
getter,ExtractionProfile,tj_offset_threshold,tj_offset_threshold,7453,true,false,""
getter,ExtractionProfile,word_margin_ratio,word_margin_ratio,7457,true,false,""
getter,ExtractionProfile,space_threshold_em_ratio,space_threshold_em_ratio,7461,true,false,""
getter,ExtractionProfile,space_char_multiplier,space_char_multiplier,7465,true,false,""
getter,ExtractionProfile,use_adaptive_threshold,use_adaptive_threshold,7469,true,false,""
static_method,ExtractionProfile,conservative,conservative,7474,true,false,""
static_method,ExtractionProfile,aggressive,aggressive,7480,true,false,""
static_method,ExtractionProfile,balanced,balanced,7486,true,false,""
static_method,ExtractionProfile,academic,academic,7492,true,false,""
static_method,ExtractionProfile,policy,policy,7498,true,false,""
static_method,ExtractionProfile,form,form,7504,true,false,""
static_method,ExtractionProfile,government,government,7510,true,false,""
static_method,ExtractionProfile,scanned_ocr,scanned_ocr,7516,true,false,""
static_method,ExtractionProfile,adaptive,adaptive,7522,true,false,""
static_method,ExtractionProfile,available,available,7529,true,false,""
method,ExtractionProfile,__repr__,__repr__,7533,true,false,""
class,"",PyTsaClient,TsaClient,7546,false,false,要 tsa-client feature（RFC 3161 ネットワーククライアント）
constructor,TsaClient,new,new,7564,false,false,要 tsa-client feature（RFC 3161 ネットワーククライアント）。sign_pdf_bytes_pades の tsa_url も同 feature 待ち
method,TsaClient,request_timestamp,request_timestamp,7609,false,false,要 tsa-client feature（RFC 3161 ネットワーククライアント）
method,TsaClient,request_timestamp_hash,request_timestamp_hash,7628,false,false,要 tsa-client feature（RFC 3161 ネットワーククライアント）
class,"",PyCertificate,Certificate,7663,true,false,""
static_method,Certificate,load,load,7672,true,false,""
static_method,Certificate,load_pem,load_pem,7697,true,false,""
static_method,Certificate,load_pkcs12,load_pkcs12,7718,true,false,""
getter,Certificate,subject,subject,7740,true,false,""
getter,Certificate,issuer,issuer,7749,true,false,""
getter,Certificate,serial,serial,7757,true,false,""
getter,Certificate,validity,validity,7767,true,false,""
getter,Certificate,is_valid,is_valid,7777,true,false,""
method,Certificate,__repr__,__repr__,7783,true,false,""
class,"",PyTimestamp,Timestamp,7799,true,false,""
static_method,Timestamp,parse,parse,7808,true,false,""
getter,Timestamp,time,time,7820,true,false,""
getter,Timestamp,serial,serial,7826,true,false,""
getter,Timestamp,policy_oid,policy_oid,7832,true,false,""
getter,Timestamp,tsa_name,tsa_name,7839,true,false,""
getter,Timestamp,hash_algorithm,hash_algorithm,7846,true,false,""
getter,Timestamp,message_imprint,message_imprint,7852,true,false,""
method,Timestamp,verify,verify,7864,true,false,""
method,Timestamp,__repr__,__repr__,7870,true,false,""
class,"",PySignature,Signature,7886,true,false,""
getter,Signature,signer_name,signer_name,7894,true,false,""
getter,Signature,reason,reason,7900,true,false,""
getter,Signature,location,location,7906,true,false,""
getter,Signature,contact_info,contact_info,7912,true,false,""
getter,Signature,signing_time,signing_time,7920,true,false,""
getter,Signature,covers_whole_document,covers_whole_document,7929,true,false,""
getter,Signature,pades_level,pades_level,7937,true,false,""
method,Signature,verify,verify,7961,true,false,""
method,Signature,verify_detached,verify_detached,7994,true,false,""
method,Signature,__repr__,__repr__,8023,true,false,""
function,"",plan_split_by_bookmarks,plan_split_by_bookmarks,8159,true,false,""
function,"",split_by_bookmarks,split_by_bookmarks,8186,true,false,""
function,"",prefetch_models,prefetch_models,8221,true,false,""
function,"",model_manifest,model_manifest,8240,true,false,""
function,"",prefetch_available,prefetch_available,8248,true,false,""
function,"",crypto_active_provider,crypto_active_provider,8263,true,false,""
function,"",crypto_available_providers,crypto_available_providers,8278,true,false,""
function,"",crypto_use_fips,crypto_use_fips,8302,true,false,""
function,"",crypto_set_policy,crypto_set_policy,8330,true,false,""
function,"",crypto_policy,crypto_policy,8343,true,false,""
function,"",crypto_inventory,crypto_inventory,8351,true,false,""
function,"",crypto_cbom,crypto_cbom,8361,true,false,""
function,"",py_sign_pdf_bytes,py_sign_pdf_bytes,8385,true,false,""
class,"",PyPadesLevel,PadesLevel,8426,true,false,""
method,PadesLevel,__int__,__int__,8461,true,false,""
method,PadesLevel,__repr__,__repr__,8465,true,false,""
class,"",PyRevocationMaterial,RevocationMaterial,8483,true,false,""
constructor,RevocationMaterial,new,new,8493,true,false,""
class,"",PyDss,Dss,8510,true,false,""
getter,Dss,certs,certs,8519,true,false,""
getter,Dss,crls,crls,8527,true,false,""
getter,Dss,ocsps,ocsps,8531,true,false,""
getter,Dss,vri,vri,8539,true,false,""
function,"",py_sign_pdf_bytes_pades,py_sign_pdf_bytes_pades,8570,true,false,""
function,"",py_has_document_timestamp,py_has_document_timestamp,8649,true,false,""
